frame,ligand,protein,interaction,distance
0,UNL1,PHE291.A,Hydrophobic,4.143451045923613
0,UNL1,PHE291.A,VdWContact,2.782873345876544
0,UNL1,VAL341.A,Hydrophobic,3.7838241206791756
0,UNL1,VAL341.A,VdWContact,2.7984736477606997
0,UNL1,LEU256.A,Hydrophobic,4.327522348779319
0,UNL1,LEU256.A,VdWContact,2.5046770755925447
0,UNL1,LEU313.A,Hydrophobic,4.156116202858489
0,UNL1,LEU313.A,VdWContact,2.7461607089348985
