frame,ligand,protein,interaction,distance
0,UNL1,VAL341.A,Hydrophobic,3.8067377430987053
0,UNL1,VAL341.A,VdWContact,2.7359086763272304
0,UNL1,LEU256.A,Hydrophobic,4.341970520925417
0,UNL1,LEU256.A,VdWContact,2.615845854948368
0,UNL1,LEU313.A,Hydrophobic,3.7678514192336605
0,UNL1,LEU313.A,VdWContact,2.7589810316734606
0,UNL1,ALA214.A,Hydrophobic,4.470737830439204
0,UNL1,PHE291.A,Hydrophobic,4.202294114031958
0,UNL1,PHE291.A,VdWContact,2.1919257524692717
